y1,x1,wave_ht,tuning_factor
37.4466,-122.859,1.75,0.0765288
37.368,-122.871,2.85,0.0248321
37.3562,-122.875,3.2,0.0688013
37.3623,-122.87,3.25,0.14724
37.3562,-122.875,3.65,0.0349603
37.1251,-122.741,4.8,0.0729504
36.98,-122.651,4.85,0.0917143
36.8135,-122.174,1.35,0.0646284
36.8081,-122.149,1.55,0.0834437
36.7793,-122.085,2.05,0.0722338
36.7757,-122.088,2.5,0.0921203
36.7785,-122.082,2.3,0.0639302
36.7955,-122.132,2,0.075423
36.8072,-122.167,2.15,0.052374
36.7846,-122.1,1.55,0.0680787
36.7842,-122.121,1.6,0.0680787
36.7821,-122.114,1.6,0.0811295
36.7781,-122.081,1.85,0.0797464
36.7845,-122.1,1.65,0.0855077
36.7876,-122.109,1.65,0.0799045
36.7906,-122.118,1.9,0.0868439
36.7937,-122.127,2.2,0.0932036
36.7968,-122.136,2.15,0.0723336
36.8045,-122.169,1.65,0.0638479
36.7628,-121.96,0.95,0.0936609
36.7696,-121.954,0.95,0.0882783
36.7722,-121.949,0.9,0.113663
36.7713,-121.943,0.85,0.106972
36.7677,-121.935,0.8,0.0931109
36.7602,-121.934,0.85,0.116054
36.7714,-121.951,0.8,0.100106
36.7705,-121.941,0.75,0.378038
36.7552,-121.958,0.85,0.0875679
36.7578,-121.955,1.3,0.0652311
36.7545,-121.962,1.3,0.0720151
36.7512,-121.971,1.25,0.0690206
36.748,-121.978,1.2,0.0720579
36.7447,-121.986,1.55,0.0856745
36.7334,-122.016,1.75,0.0856745
36.734,-122.026,1.5,0.0743237
36.7377,-122.034,1.7,0.0734002
36.7438,-122.04,1.8,0.0950145
36.7514,-122.069,1.35,0.0853423
36.7562,-122.088,1.6,0.0853423
36.7542,-122.098,1.5,0.0853423
36.7521,-122.107,1.55,0.0742642
36.7074,-122.308,2.6,0.0558089
36.7039,-122.324,2,0.05143
36.7036,-122.355,2.35,0.0665031
36.7191,-122.322,2.2,0.0859612
36.7355,-122.318,1.85,0.0778767
36.7456,-122.304,1.8,0.0834152
36.5408,-122.987,2,0.0824372
36.5205,-123.068,1.8,0.0752558
36.5216,-123.067,2,0.0832491
36.5226,-123.063,1.8,0.070504
36.5215,-123.067,2.95,0.074251
36.5219,-123.063,3.5,0.0893836
36.2966,-123.852,1.9,0.0705038
36.2943,-123.86,2.2,0.0827765
36.2681,-123.884,2.05,0.0830598
36.2539,-123.902,2.05,0.0664143
36.2155,-123.997,2.85,0.0542956
36.2134,-124.005,2.4,0.0628314
36.2109,-124.014,2.65,0.0983593
36.2084,-124.023,2.35,0.0820353
36.2059,-124.032,2.3,0.0821874
36.2036,-124.041,2.45,0.0640739
36.2014,-124.049,2.75,0.0591695
36.1992,-124.058,2.75,0.0577285
36.1917,-124.085,2.5,0.08112
36.1896,-124.094,2.4,0.0884242
36.1872,-124.102,2.65,0.0893939
36.1851,-124.11,2.4,0.0813305
36.1831,-124.118,2.7,0.0813305
36.179,-124.133,2.65,0.0794356
36.175,-124.148,2.75,0.0813059
36.1674,-124.176,3.75,0.0813059
36.165,-124.185,3.35,0.066476
36.1574,-124.213,3.2,0.135175
36.1551,-124.222,3.45,0.102695
36.1526,-124.231,4.15,0.127086
36.1502,-124.24,4.3,0.0630429
34.8975,-128.879,2,0.0663843
34.895,-128.886,2,0.0738277
34.8926,-128.893,1.9,0.0820681
34.8899,-128.901,1.9,0.0820681
34.8871,-128.91,1.75,0.0686875
34.6017,-129.81,2.85,0.0655149
34.599,-129.818,2.75,0.120926
34.5959,-129.827,2.9,0.152742
34.5727,-129.896,2.85,0.0996288
34.5697,-129.905,2.75,0.0898557
34.5666,-129.914,2.8,0.102509
34.5638,-129.922,2.95,0.0574689
34.5365,-130.002,2.8,0.118542
34.3254,-130.623,2.6,0.101437
34.309,-130.67,2.55,0.136092
34.0559,-131.41,2.6,0.0841959
34.0539,-131.419,2.7,0.0841959
34.0341,-131.479,2.6,0.0527645
34.0315,-131.486,2.55,0.0798397
34.029,-131.494,2.55,0.0650313
33.9126,-131.84,3.8,0.140431
33.9096,-131.848,3.95,0.0514881
33.9004,-131.876,3.75,0.0955118
33.898,-131.883,3.3,0.120869
33.8951,-131.891,4.15,0.0726322
33.8925,-131.899,4,0.125405
33.8898,-131.907,3.2,0.0776481
33.8869,-131.916,3.6,0.0702716
33.8838,-131.925,3.6,0.151107
33.8807,-131.934,3.6,0.133624
32.8946,-134.601,3.45,0.0652061
32.8916,-134.609,3.65,0.0619303
32.8887,-134.617,2.9,0.0644319
32.8856,-134.625,2.9,0.0629009
32.8825,-134.632,3.2,0.0588221
32.8795,-134.64,3.35,0.0604449
32.8766,-134.648,3.25,0.0670628
32.8737,-134.655,2.9,0.0841422
32.8609,-134.688,2.45,0.0593032
32.8582,-134.695,2.45,0.0945714
28.9317,-143.886,2.1,0.084026
28.9279,-143.893,2.2,0.0731348
28.9243,-143.901,2.35,0.0710757
28.921,-143.907,2.15,0.0445701
28.9179,-143.914,2.15,0.0869876
28.9141,-143.922,2.35,0.0693066
28.9061,-143.938,2.4,0.0965637
28.8573,-144.039,3.25,0.140993
28.8534,-144.047,3.05,0.115953
28.8454,-144.064,3.3,0.137442
28.8418,-144.071,3.3,0.0647656
28.8385,-144.078,3.25,0.0725676
28.835,-144.085,3.55,0.0670271
28.8314,-144.093,3.35,0.0648588
28.8237,-144.109,3.95,0.0698095
28.8201,-144.116,3.75,0.0588464
28.8166,-144.123,3.75,0.0771855
28.3678,-145.045,2.25,0.0529927
28.3646,-145.052,2.4,0.0536541
28.3611,-145.059,2.45,0.0833635
28.3577,-145.066,2.4,0.0587345
28.3541,-145.073,2.5,0.0646226
28.3504,-145.081,2.3,0.0830665
28.3335,-145.116,2.4,0.102423
28.3294,-145.124,2.35,0.0831973
28.3215,-145.136,2.55,0.0549799
28.3184,-145.144,2.5,0.0924829
28.3149,-145.152,2.5,0.0954347
28.3115,-145.159,2.5,0.0831532
28.3086,-145.167,2.35,0.0534706
28.2689,-145.261,2.15,0.0758255
28.2659,-145.267,2.25,0.069612
28.2335,-145.344,1.7,0.0634959
28.2307,-145.351,1.75,0.0604069
28.2278,-145.358,1.85,0.278884
28.183,-145.463,2.05,0.0699473
28.1294,-145.59,3.15,0.0960132
28.1264,-145.597,3.75,0.141209
28.123,-145.605,3.95,0.112006
28.1198,-145.613,3.45,0.109403
28.1163,-145.621,3.45,0.0808377
28.1093,-145.638,2.9,0.108067
28.1058,-145.646,3.5,0.0742317
28.1024,-145.654,3.55,0.147855
28.0993,-145.661,3.1,0.14478
28.0962,-145.668,2.9,0.0852573
28.0933,-145.675,3.15,0.0563857
28.0754,-145.718,3.2,0.0646201
28.0724,-145.725,3.25,0.0661643
28.0691,-145.732,3.2,0.0848608
28.0284,-145.812,3.1,0.0721724
28.0242,-145.82,3,0.0946009
28.0202,-145.828,2.85,0.0644768
28.0133,-145.841,2.35,0.0785583
28.0006,-145.865,2.7,0.0808467
27.9969,-145.871,2.8,0.0846728
27.9933,-145.879,2.55,0.0522079
27.9896,-145.886,2.6,0.0844935
27.9811,-145.901,2.5,0.104059
27.9333,-145.992,2,0.0874359
27.9248,-146.008,2.3,0.0846158
27.8604,-146.129,2.2,0.0846158
27.8568,-146.136,2.45,0.0802301
27.853,-146.143,2.6,0.0940977
27.8363,-146.175,2.5,0.0598826
27.8323,-146.182,2.85,0.059458
27.8285,-146.189,2.95,0.0631011
27.825,-146.196,2.85,0.0506322
27.8216,-146.202,3,0.0508688
27.8181,-146.209,2.7,0.0649546
27.8142,-146.216,2.5,0.0558931
27.8104,-146.223,2.85,0.0638353
27.8067,-146.231,3.15,0.104363
27.8027,-146.238,3.25,0.0978979
27.7988,-146.245,3.35,0.0651413
27.7951,-146.252,3.25,0.113567
27.7912,-146.259,3.15,0.0986282
27.7875,-146.266,2.85,0.0593244
27.7839,-146.273,3.5,0.0686665
27.7772,-146.285,3.6,0.0509015
27.774,-146.292,3.1,0.0519582
27.7706,-146.298,3.65,0.116703
27.7669,-146.305,4.15,0.0884267
27.763,-146.312,4.1,0.0643048
27.759,-146.32,3.65,0.105894
27.7553,-146.327,3.35,0.0657209
27.6929,-146.524,2.65,0.0564652
27.685,-146.546,3.05,0.0628013
27.6814,-146.553,2.7,0.0654231
27.6779,-146.559,2.65,0.0524106
27.5536,-146.788,1.9,0.0830378
27.5219,-146.846,1.9,0.0627431
27.5373,-146.864,2.35,0.0829438
27.5339,-146.871,2.35,0.0829438
27.5089,-146.941,3.55,0.13031
27.5146,-146.948,3.6,0.0831601
27.5192,-146.955,3.7,0.0624326
27.2901,-147.379,4.1,0.0830663
27.2767,-147.402,4.45,0.105137
27.2723,-147.41,4.35,0.180134
27.268,-147.418,4,0.0892384
27.2498,-147.45,3.8,0.13851
27.2455,-147.457,3.5,0.0813982
27.2415,-147.464,3.45,0.0519531
27.2377,-147.47,3.65,0.112187
27.2338,-147.478,3.8,0.0862951
27.2296,-147.485,3.75,0.0756448
27.2206,-147.501,3.5,0.0721005
27.2162,-147.508,3.85,0.0694671
27.1914,-147.553,3.65,0.0887803
27.1841,-147.565,3.65,0.0614301
27.0243,-147.753,4.1,0.102592
27.0204,-147.76,4.65,0.0676683
27.0169,-147.767,4.7,0.0679271
27.0131,-147.773,4.6,0.0856522
27.0094,-147.78,4.85,0.0752738
27.0053,-147.788,4.55,0.0769765
27.0013,-147.795,4.3,0.0652319
26.9976,-147.802,4.35,0.0834476
26.9937,-147.81,4.6,0.068066
26.9886,-147.819,4.8,0.086428
26.9842,-147.827,4.65,0.083397
26.9807,-147.834,5.05,0.0950625
26.9769,-147.841,5.95,0.147853
26.9726,-147.848,5.85,0.073117
26.9683,-147.856,6.15,0.0918826
26.9642,-147.864,5.75,0.0762146
26.9607,-147.87,4.95,0.079883
26.9072,-147.966,4,0.0639415
26.9038,-147.973,3.7,0.118466
26.9005,-147.979,3.9,0.04782
26.8939,-147.991,4.2,0.0707301
26.8749,-148.027,3.9,0.0567352
26.8713,-148.033,4.35,0.0834139
26.8168,-148.134,4.6,0.100439
26.8128,-148.142,5.1,0.0834796
26.7733,-148.199,4.45,0.116507
26.7809,-148.201,4.6,0.0836061
26.7774,-148.207,4.65,0.0732552
26.7737,-148.214,4.45,0.0639537
26.7323,-148.291,6.25,0.063844
26.7259,-148.302,6.75,0.0666997
26.7225,-148.309,6.35,0.0673671
26.7187,-148.316,6.5,0.139548
26.7148,-148.323,6.75,0.0711931
26.7111,-148.329,6.4,0.0668017
26.7077,-148.336,6.4,0.0608734
26.7041,-148.343,6.65,0.0862887
26.7004,-148.349,6.15,0.0981084
26.6777,-148.391,6.05,0.08338
26.6459,-148.45,5.2,0.0635392
26.6155,-148.506,5.95,0.07673
26.612,-148.512,5.9,0.0744545
26.6086,-148.519,6,0.0795097
26.6045,-148.526,5.6,0.0937508
26.6007,-148.533,5.7,0.0773628
26.5966,-148.541,6.25,0.0915651
26.5925,-148.548,5.9,0.0578073
26.5889,-148.555,6.05,0.0542191
26.5854,-148.562,6.25,0.0662276
26.5815,-148.569,6.3,0.0853114
26.575,-148.581,6.25,0.0899324
26.5488,-148.629,7.25,0.0795732
26.5447,-148.637,7.3,0.0692099
26.5404,-148.644,7.7,0.0759458
26.5365,-148.652,7.25,0.0837342
26.5279,-148.667,6.8,0.0974666
26.5238,-148.675,6.35,0.0955672
26.5199,-148.682,5.65,0.0807577
26.5098,-148.701,6.5,0.0551818
26.5065,-148.707,6.2,0.0638472
26.5026,-148.714,5.2,0.0779144
26.4992,-148.721,6.2,0.0772326
26.4954,-148.727,6.45,0.070196
26.4915,-148.735,5.6,0.102109
26.4508,-148.81,4.75,0.0823437
26.3484,-148.882,3.5,0.0849587
26.252,-149.089,3.15,0.0508571
26.2461,-149.102,4.05,0.0601647
26.243,-149.108,3.65,0.0594456
26.2396,-149.116,3.3,0.0621646
26.2363,-149.123,3.7,0.0715885
26.2328,-149.13,4.1,0.110225
26.2292,-149.138,4.05,0.092532
26.2257,-149.145,3.45,0.0640691
26.2076,-149.184,2.7,0.0555977
26.2045,-149.191,2.9,0.0845213
26.2012,-149.198,3.35,0.0955481
26.144,-149.321,2.9,0.0825618
26.1144,-149.385,3.05,0.0584688
26.1114,-149.391,3.3,0.066815
26.0352,-149.555,3.15,0.100728
26.0321,-149.561,3.25,0.0576511
26.029,-149.568,3.3,0.067509
26.0257,-149.576,3.6,0.107593
25.9298,-149.813,3.3,0.115128
25.9271,-149.819,2.8,0.0580225
25.9242,-149.826,2.9,0.112942
25.9101,-149.884,3.25,0.073858
25.9095,-149.893,3.1,0.0950011
25.9093,-149.901,2.95,0.0732049
25.9386,-150.011,3.75,0.127992
25.936,-150.019,3.85,0.114513
25.9338,-150.027,3.8,0.0605497
25.9326,-150.034,3.55,0.0672098
25.9319,-150.049,2.9,0.059449
25.9329,-150.056,3.05,0.0660824
25.9346,-150.065,3.25,0.148324
25.9364,-150.073,3.25,0.117542
25.958,-150.136,3.6,0.0679705
25.9602,-150.144,3.5,0.0958517
25.9619,-150.151,3.15,0.05216
25.9629,-150.183,3.3,0.0560406
25.9621,-150.19,3.25,0.126036
25.9179,-150.278,3.05,0.117591
25.8978,-150.309,3.2,0.110836
25.8934,-150.316,2.8,0.086651
25.8886,-150.323,2.8,0.0830017
25.8594,-150.368,3.15,0.110604
25.8517,-150.379,3.25,0.0498955
25.8479,-150.385,3.05,0.12026
25.8439,-150.391,3.3,0.0624677
25.7994,-150.459,3.35,0.0580555
25.7952,-150.466,3.4,0.119011
25.6105,-150.748,3.15,0.0750613
25.6056,-150.756,3.1,0.0830428
25.6014,-150.762,3.3,0.0575319
25.5971,-150.769,3.35,0.0852263
25.5929,-150.776,3.35,0.0530999
25.5889,-150.782,3.4,0.0750868
25.585,-150.787,3.35,0.0579747
25.5809,-150.794,3.1,0.0746087
25.5768,-150.8,3.15,0.106448
25.5087,-150.904,3.25,0.0708648
25.5041,-150.911,3.4,0.117087
25.4995,-150.918,3.15,0.0701451
25.4948,-150.925,3.15,0.0580849
25.4908,-150.931,3.3,0.0828009
25.4868,-150.937,3.35,0.0828009
25.4829,-150.943,3.1,0.0565863
25.4788,-150.949,2.7,0.0733971
25.4748,-150.955,2.8,0.0766334
25.4708,-150.962,2.95,0.0589532
25.4662,-150.968,3.3,0.0742577
25.4619,-150.975,3.5,0.132371
25.4574,-150.982,2.95,0.0612146
25.4533,-150.988,3,0.139618
25.4488,-150.995,3.5,0.0777593
25.4442,-151.002,3.35,0.0983133
25.4396,-151.009,3.3,0.126389
25.4044,-151.063,3.25,0.10711
25.4001,-151.069,3.1,0.0556065
25.3813,-151.098,3.65,0.146843
25.2298,-151.328,3.55,0.0649908
25.2257,-151.334,3.4,0.0590275
25.2216,-151.341,3.3,0.0974801
25.2171,-151.347,3.45,0.0712358
25.2124,-151.354,3.35,0.0626413
25.208,-151.361,3.2,0.0829768
23.5091,-154.073,2.2,0.0761776
23.5129,-154.08,2.3,0.0589993
23.5166,-154.088,2.4,0.0956782
23.5206,-154.095,2.25,0.0542001
23.5256,-154.1,2.05,0.0519583
23.5322,-154.1,2,0.0493497
23.5388,-154.1,2.25,0.0826902
23.5461,-154.1,2.35,0.0826902
23.5535,-154.099,2.15,0.0861174
23.5612,-154.1,2.2,0.0830487
23.5014,-154.053,3.25,0.0603569
23.5027,-154.061,3.4,0.0840851
23.5066,-154.068,3.1,0.0989425
23.5423,-154.104,3.15,0.0826879
23.5189,-154.111,2.9,0.150933
23.1963,-154.272,2.65,0.0915414
23.1896,-154.275,2.55,0.062151
23.1832,-154.279,2.7,0.0828293
23.1773,-154.283,2.85,0.0955213
23.1708,-154.286,2.75,0.057878
23.1641,-154.29,2.95,0.113943
23.1419,-154.303,2.85,0.100999
22.4681,-154.692,3.35,0.0829208
22.4614,-154.696,3.45,0.110628
22.4555,-154.699,3.55,0.0829888
22.444,-154.706,2.8,0.0548083
22.4381,-154.709,3.25,0.0936827
22.2332,-154.827,2.35,0.0901592
22.2261,-154.831,2.65,0.0524097
22.2196,-154.835,2.9,0.0522292
22.2134,-154.838,2.8,0.176025
21.899,-155.018,2.6,0.104859
21.892,-155.022,2.85,0.0830931
21.885,-155.026,2.95,0.0660304
21.878,-155.03,2.75,0.0920844
21.8715,-155.033,2.5,0.0596181
21.8653,-155.037,2.4,0.0486093
21.8439,-155.049,2.55,0.0922789
21.8324,-155.056,2.55,0.0639342
21.8259,-155.06,2.8,0.0573578
21.8194,-155.063,2.85,0.0933797
21.813,-155.067,2.7,0.0498271
21.8071,-155.07,2.5,0.0753481
21.8011,-155.073,2.7,0.0556753
21.7949,-155.077,3,0.0759747
21.7881,-155.081,2.9,0.0964505
21.7815,-155.085,2.65,0.0641269
21.7746,-155.089,2.7,0.0592827
21.7678,-155.092,2.8,0.0898454
21.7535,-155.101,2.85,0.0916331
21.6672,-155.15,2.7,0.0664833
21.5858,-155.196,2.5,0.0826374
21.3415,-155.218,2.6,0.0514754
21.3348,-155.218,2.45,0.0580123
21.3279,-155.219,2.6,0.0775582
21.3207,-155.219,2.5,0.0521813
21.2733,-155.223,3.15,0.0863488
21.2665,-155.223,3.3,0.0517512
21.2598,-155.224,3.5,0.0669948
21.2468,-155.224,3.3,0.0526967
21.2395,-155.225,3.2,0.0541035
21.2324,-155.226,3.15,0.0541186
21.0507,-155.238,3.65,0.101796
21.0381,-155.239,3.7,0.0821846
21.032,-155.244,3.65,0.0693611
20.9812,-155.243,4,0.068437
20.9743,-155.243,3.75,0.0749389
20.9666,-155.244,3.4,0.109681
20.9584,-155.244,3.2,0.0643937
20.951,-155.245,3.95,0.065657
20.9441,-155.245,4.15,0.0578763
20.1227,-155.986,1.85,0.0851564
20.1292,-155.989,1.65,0.066908
20.1357,-155.993,1.75,0.0688241
20.1526,-156,2.2,0.0819863
20.1579,-156.004,2.2,0.0905073
20.1639,-156.009,2.05,0.0897221
20.1737,-156.024,2.25,0.093238
20.2324,-156.194,2.6,0.082046
20.1992,-156.215,2.4,0.0619453
20.1915,-156.213,2.7,0.0920867
20.1834,-156.213,2.7,0.0681465
20.1479,-156.21,2.45,0.095417
20.1397,-156.209,2.4,0.0833482
20.1324,-156.207,2.45,0.0927217
20.1267,-156.202,2.45,0.0578826
20.1211,-156.197,2.55,0.0766559
20.1161,-156.193,2.55,0.0595385
20.1097,-156.189,2.4,0.0819384
20.1032,-156.186,2.3,0.0710739
20.0972,-156.183,2.3,0.0914789
20.019,-156.068,1.6,0.0695349
20.0157,-156.062,1.6,0.067466
20.0126,-156.055,1.45,0.0818792
19.9902,-155.991,1.3,0.0818792
19.9829,-155.979,0.95,0.0818792
19.9639,-155.977,0.75,0.0913193
19.9576,-155.975,0.75,0.0767674
19.9513,-155.973,0.75,0.124509
19.9445,-155.97,0.75,0.0913914
19.9384,-155.968,0.75,0.107451
19.9329,-155.964,0.7,0.12664
19.9034,-155.942,0.6,0.0821406
19.9121,-155.93,0.5,1.10359
19.9192,-155.928,0.5,1.25407
19.9863,-155.889,0.55,3.05233
19.9902,-155.898,0.45,0.159092
19.9894,-155.894,0.55,0.0748076
19.9804,-155.893,0.5,3.56247
19.9822,-155.9,0.55,0.0695027
19.9805,-155.896,0.7,0.0732284
19.969,-155.922,0.8,0.0815599
19.964,-155.928,0.8,0.125667
19.959,-155.934,0.85,0.0890757
19.959,-155.943,0.85,0.0997298
19.968,-155.938,0.85,0.064642
19.9607,-155.943,0.85,0.0888399
19.9679,-155.94,0.8,0.105418
19.9627,-155.933,0.8,0.135404
19.9662,-155.933,0.85,0.0997206
19.959,-155.935,0.9,0.0807251
19.96,-155.943,0.7,0.0829466
19.9679,-155.941,0.7,0.524899
19.9669,-155.933,0.7,0.200071
19.9591,-155.936,0.8,0.101043
19.963,-155.943,0.85,0.108793
19.968,-155.937,0.75,0.100703
19.9615,-155.933,0.75,0.128573
19.9669,-155.933,0.75,0.105801
19.9622,-155.943,0.75,0.0886562
19.9679,-155.939,0.65,0.0821027
19.9641,-155.933,0.6,0.0718171
19.9639,-155.933,0.6,0.189131
19.959,-155.939,0.65,0.164946
19.9651,-155.943,0.75,0.0801335
19.9601,-155.933,0.85,0.0906569
19.9651,-155.943,0.65,0.100887
19.9681,-155.935,0.6,1.26994
19.9627,-155.943,0.75,0.252253
19.9653,-155.943,0.55,0.1621
19.959,-155.934,0.55,0.630376
19.9594,-155.943,0.6,0.0954433
19.9668,-155.943,0.55,2.19949
19.9589,-155.935,0.55,0.960711
19.9681,-155.94,0.7,0.0771913
19.9589,-155.943,0.8,0.120739
19.9671,-155.943,0.85,0.0736592
19.9679,-155.939,0.85,0.0726765
19.9594,-155.943,0.8,0.67367
19.9589,-155.941,0.55,1.41887
19.9681,-155.937,0.7,0.0887774
19.963,-155.933,0.55,0.200108
19.9681,-155.941,0.7,0.0743172
19.9591,-155.939,0.8,0.104598
19.9647,-155.943,0.75,0.0924696
19.9593,-155.943,0.75,0.0813927
19.9663,-155.943,0.7,0.0773337
19.9641,-155.943,0.9,0.0763308
19.9679,-155.94,0.65,0.0619362
19.959,-155.938,0.75,0.0914653
19.968,-155.936,0.85,1.04366
19.9632,-155.943,0.9,0.114818
19.9636,-155.943,0.95,0.0673665
19.9679,-155.937,0.95,0.0785388
19.962,-155.943,1,0.0865055
19.968,-155.938,0.9,0.118569
19.9604,-155.943,0.85,0.134702
19.968,-155.94,0.95,0.0825722
19.968,-155.942,0.85,0.114599
19.9591,-155.939,1.05,0.083829
19.9635,-155.933,0.7,0.113858
19.968,-155.942,1,0.0810457
19.968,-155.936,0.95,0.0806135
19.9603,-155.943,0.7,0.160504
19.9621,-155.933,0.7,0.121497
19.9681,-155.942,0.8,0.129601
19.9671,-155.933,0.75,0.129659
19.9643,-155.943,0.85,0.102166
19.968,-155.937,0.75,0.0916033
19.9623,-155.933,0.65,0.114507
19.9675,-155.943,0.7,0.114507
19.9679,-155.934,0.65,3.40811
19.9589,-155.942,0.75,0.11376
19.9672,-155.943,0.95,0.0639844
19.968,-155.941,0.9,0.0928875
19.9589,-155.935,0.85,0.116994
19.968,-155.941,0.75,0.101834
19.9666,-155.943,0.75,0.899184
19.9679,-155.934,0.65,0.096798
19.9588,-155.933,0.7,0.0673809
19.9639,-155.943,0.65,0.216112
19.9592,-155.934,0.75,0.27773
19.9626,-155.933,0.6,0.0996556
19.9669,-155.943,0.55,0.214908
19.9678,-155.94,0.55,0.141323
19.9666,-155.934,0.6,0.129787
19.9591,-155.935,0.65,0.0921542
19.9646,-155.933,0.6,0.121922
19.9589,-155.937,0.7,0.121922
19.9619,-155.943,0.7,0.0711806
19.9681,-155.94,0.6,0.118944
19.9668,-155.933,0.65,0.0612231
19.9541,-155.954,0.9,0.0816469
19.968,-155.937,0.95,0.0814658
19.9614,-155.933,0.8,0.121589
19.9681,-155.941,1,0.0834325
19.9658,-155.933,0.9,0.121524
19.959,-155.936,0.9,0.121719
19.9638,-155.943,0.85,0.0677084
19.968,-155.937,0.8,0.0973317
19.9679,-155.94,1.05,0.061993
19.959,-155.942,0.9,0.107558
19.9679,-155.942,1,0.160225
19.9632,-155.943,0.75,0.115614
19.9679,-155.939,0.8,0.214418
19.968,-155.942,0.65,0.777907
19.9654,-155.933,0.6,0.0684937
19.967,-155.933,0.5,0.0913112
19.9605,-155.943,0.6,0.122435
19.9621,-155.933,0.55,1.62424
19.9591,-155.937,0.5,1.00105
19.9589,-155.941,0.6,3.93762
19.9677,-155.933,0.5,0.206559
19.968,-155.935,0.5,0.566922
19.968,-155.943,0.55,0.133513
19.9649,-155.943,0.65,0.067021
19.9627,-155.943,0.75,0.100155
19.968,-155.939,0.8,0.0978821
19.968,-155.935,0.7,0.540319
19.9625,-155.943,0.7,0.109914
19.9681,-155.938,0.65,0.133917
19.9631,-155.933,0.6,0.0776618
19.9657,-155.933,0.55,0.891712
19.9592,-155.934,0.5,0.179899
19.9649,-155.933,0.65,0.0971638
19.9668,-155.943,0.7,0.0879045
19.9643,-155.933,0.55,0.547802
19.9656,-155.933,0.45,0.655836
19.9618,-155.943,0.55,1.55624
19.9638,-155.933,0.55,0.0887215
19.959,-155.938,0.55,0.603182
19.9657,-155.943,0.6,0.0663445
19.9679,-155.936,0.55,0.0702081
19.9606,-155.943,0.75,0.683962
19.9681,-155.941,0.65,0.102516
19.959,-155.937,0.6,0.0675655
19.959,-155.939,0.6,1.72752
19.966,-155.943,0.6,0.0868101
19.968,-155.936,0.65,0.2031
19.968,-155.941,0.65,0.247702
19.9668,-155.933,0.55,0.899147
19.9681,-155.942,0.5,0.148565
19.959,-155.939,0.5,0.502891
19.9656,-155.943,0.5,0.0970366
19.9625,-155.943,0.5,0.0718113
19.968,-155.939,0.6,0.367308
19.9591,-155.935,0.55,0.175911
19.9604,-155.943,0.6,1.94207
19.968,-155.94,0.55,0.0960225
19.9651,-155.933,0.55,0.0649681
19.9591,-155.936,0.6,0.199719
19.9679,-155.936,0.65,1.01594
19.9615,-155.933,0.6,0.135162
19.959,-155.94,0.55,3.2671
19.9668,-155.933,0.55,0.10776
19.9681,-155.939,0.6,0.164619
19.9589,-155.934,0.6,0.265219
19.9591,-155.941,0.6,0.0972883
19.9662,-155.943,0.55,0.186185
19.9621,-155.943,0.75,0.0736003
19.968,-155.939,0.65,0.243223
19.968,-155.943,0.55,0.153499
19.968,-155.935,0.55,0.260311
19.9605,-155.943,0.65,0.651438
19.966,-155.933,0.55,0.203761
19.9632,-155.943,0.6,0.63268
19.9589,-155.938,0.55,1.41244
19.9659,-155.943,0.55,0.0906296
19.9681,-155.936,0.6,1.64038
19.9604,-155.943,0.7,0.107803
19.9679,-155.94,0.6,0.0861333
19.9653,-155.933,0.5,0.316475
19.9589,-155.935,0.5,1.30022
19.9603,-155.943,0.6,0.0859107
19.9679,-155.94,0.7,0.0911948
19.964,-155.933,0.7,0.0884126
19.9665,-155.933,0.85,0.116925
19.959,-155.937,0.85,0.988856
19.9679,-155.939,0.7,0.0956517
19.9589,-155.941,0.6,0.0638391
19.9672,-155.933,0.6,0.183804
19.9627,-155.943,0.65,0.103897
19.959,-155.936,0.6,0.266894
19.968,-155.936,0.55,1.1247
19.9626,-155.933,0.6,0.341393
19.9668,-155.943,0.7,1.40319
19.968,-155.935,0.65,0.605857
19.9679,-155.939,0.75,0.0716433
19.9636,-155.933,0.65,0.253151
19.968,-155.942,0.75,0.219611
19.9638,-155.933,0.55,0.951322
19.9669,-155.933,0.8,0.167106
19.9681,-155.941,0.8,0.241857
19.9657,-155.933,0.75,0.926542
19.9673,-155.933,0.6,0.884166
19.968,-155.941,0.65,0.169361
19.9653,-155.933,0.65,0.500083
19.959,-155.937,0.7,1.3165
19.9679,-155.935,0.65,0.0544654
19.9617,-155.934,0.6,0.249579
19.9663,-155.933,0.65,0.14806
19.9616,-155.943,0.65,0.0816182
19.9643,-155.933,0.55,0.233516
19.959,-155.938,0.55,0.17137
19.9681,-155.937,0.65,0.0732131
19.9599,-155.943,0.6,1.43763
19.968,-155.936,0.6,0.0780331
19.9681,-155.941,0.55,0.443686
19.968,-155.934,0.55,0.110001
19.968,-155.938,0.65,0.0768
19.9631,-155.933,0.6,0.843103
19.9659,-155.933,0.5,11.2872
19.959,-155.935,0.6,0.997986
19.9635,-155.933,0.7,0.0802729
19.9614,-155.933,0.8,0.446201
19.959,-155.937,0.75,0.531703
19.9668,-155.933,0.8,0.0832029
19.9679,-155.939,0.75,0.0840477
19.959,-155.939,0.8,0.0892991
19.9619,-155.943,0.8,2.26024
19.968,-155.938,0.7,0.975128
19.9609,-155.933,0.7,0.230533
19.959,-155.94,0.75,0.0758163
19.9651,-155.943,0.75,0.144824
19.9679,-155.936,0.75,0.523394
19.9679,-155.94,0.7,3.13914
19.9651,-155.933,0.7,0.07923
19.9591,-155.938,0.7,1.70918
19.9644,-155.943,0.7,0.0935933
19.968,-155.936,0.75,0.94938
19.9679,-155.94,0.8,0.105976
19.9657,-155.933,0.65,0.0823916
19.959,-155.935,0.65,0.10712
19.9681,-155.942,0.7,1.19772
19.9666,-155.933,0.7,0.0898554
19.9596,-155.933,0.8,0.284444
19.9679,-155.941,0.85,0.403964
19.9643,-155.933,0.8,1.11642
19.9592,-155.939,0.7,0.10974
19.9627,-155.943,0.7,0.100764
19.965,-155.933,0.65,0.0699376
19.9591,-155.937,0.7,0.2043
19.959,-155.934,0.65,0.264157
19.9609,-155.943,0.7,1.9272
19.959,-155.935,0.7,1.26906
19.9679,-155.94,0.6,0.197656
19.9591,-155.937,0.6,0.06919
19.9617,-155.943,0.65,0.104525
19.9681,-155.941,0.6,1.56834
19.9663,-155.934,0.6,0.351654
19.961,-155.943,0.7,0.113056
19.968,-155.942,0.65,0.0851284
19.9603,-155.943,0.6,0.433819
19.9681,-155.941,0.65,0.209845
19.959,-155.936,0.65,0.240554
19.963,-155.943,0.6,0.121963
19.9592,-155.943,0.6,1.00223
19.9665,-155.933,0.55,0.385284
19.964,-155.933,0.8,0.101587
19.9591,-155.939,0.8,0.142188
19.9664,-155.933,0.7,0.134155
19.959,-155.936,0.7,0.243009
19.968,-155.937,0.65,0.933269
19.959,-155.94,0.6,0.367849
19.9651,-155.943,0.65,0.188018
19.9676,-155.933,0.6,0.0675113
19.9606,-155.943,0.7,0.561821
19.966,-155.933,0.7,0.212162
19.9605,-155.943,0.6,0.145496
19.968,-155.941,0.65,0.307228
19.9657,-155.933,0.6,2.32202
19.9591,-155.938,0.65,0.111935
19.9656,-155.943,0.65,0.239062
19.968,-155.936,0.55,1.40998
19.9613,-155.933,0.55,2.45651
19.959,-155.941,0.6,0.0815269
19.9664,-155.943,0.6,0.158306
19.9681,-155.935,0.55,2.14461
19.96,-155.933,0.55,0.488285
19.9681,-155.94,0.55,0.208248
19.9663,-155.934,0.55,0.0864569
19.9589,-155.935,0.55,1.87109
19.9681,-155.939,0.7,0.334057
19.9622,-155.933,0.65,0.0921456
19.9645,-155.933,0.75,0.20607
19.9663,-155.933,0.7,0.156644
19.959,-155.936,0.75,1.58917
19.968,-155.935,0.65,0.790308
19.968,-155.94,0.65,0.136909
19.9651,-155.933,0.6,0.70408
19.9661,-155.943,0.55,2.3943
19.9681,-155.934,0.5,1.47364
19.9604,-155.933,0.55,0.247046
19.959,-155.94,0.6,0.0743038
19.9655,-155.943,0.65,0.0774394
19.9621,-155.933,0.55,1.14892
19.9591,-155.94,0.65,0.423783
19.9668,-155.943,0.65,0.157292
19.968,-155.935,0.6,2.8708
19.96,-155.943,0.7,3.51507
19.968,-155.941,0.65,0.0758466
19.968,-155.94,0.7,0.0670861
19.959,-155.935,0.55,2.4793
19.962,-155.943,0.6,0.639697
19.9616,-155.943,0.6,0.365067
19.968,-155.94,0.6,0.226144
19.9664,-155.933,0.55,0.225452
19.9589,-155.935,0.55,0.961091
19.9603,-155.943,0.55,0.643477
19.9589,-155.936,0.55,0.316151
19.9614,-155.943,0.6,0.875191
19.968,-155.941,0.55,0.572721
19.9666,-155.933,0.5,2.30604
19.9591,-155.935,0.5,1.04375
19.9607,-155.943,0.55,0.119218
19.9681,-155.942,0.55,1.06414
19.968,-155.934,0.5,0.265516
19.968,-155.943,0.3,0.127299
19.968,-155.941,0.5,1.17888
19.9652,-155.933,0.5,0.148287
19.9591,-155.941,0.5,0.833284
19.9679,-155.934,0.4,0.593999
19.9676,-155.933,0.4,0.15736
19.9605,-155.943,0.45,0.849501
19.968,-155.942,0.5,1.43059
19.9591,-155.934,0.45,1.21741
19.959,-155.934,0.45,0.254775
19.9589,-155.942,0.45,1.42078
19.9667,-155.943,0.5,0.943203
19.9679,-155.935,0.45,0.392546
19.9611,-155.943,0.45,0.302794
19.9681,-155.941,0.55,0.588284
19.9617,-155.943,0.55,0.257652
19.9681,-155.94,0.5,2.0456
19.968,-155.933,0.45,0.766398
19.9668,-155.933,0.55,0.575514
19.968,-155.94,0.6,0.0720442
19.9666,-155.933,0.6,0.856348
19.9589,-155.934,0.6,0.662034
19.9675,-155.943,0.5,0.224111
19.968,-155.935,0.55,0.384103
19.9606,-155.933,0.55,1.01322
19.9673,-155.933,0.45,0.612582
19.96,-155.933,0.55,0.103975
19.965,-155.933,0.6,0.307813
19.9591,-155.936,0.6,0.982369
19.9643,-155.943,0.65,0.263918
19.9681,-155.937,0.65,0.132888
19.968,-155.941,0.7,0.621345
19.9668,-155.933,0.6,0.264187
19.9613,-155.943,0.6,0.215289
19.9655,-155.933,0.5,3.00436
19.968,-155.935,0.75,0.0798837
19.959,-155.938,0.7,0.0960027
19.9681,-155.934,0.6,2.08898
19.9627,-155.943,0.55,0.157359
19.9602,-155.943,0.5,0.268965
19.9679,-155.934,0.45,2.02839
19.9601,-155.933,0.4,0.849939
19.967,-155.933,0.45,3.28601
19.9591,-155.934,0.45,2.78833
19.9589,-155.943,0.5,0.802556
19.967,-155.943,0.55,2.34767
19.9682,-155.939,0.5,2.36067
19.96,-155.943,0.6,0.988932
19.9645,-155.933,0.6,0.200192
19.9681,-155.942,0.6,0.612352
19.9682,-155.941,0.55,0.601499
19.959,-155.94,0.55,0.0578936
19.9654,-155.943,0.6,0.0994364
19.9681,-155.941,0.6,1.32605
19.9676,-155.933,0.55,0.0742581
19.9682,-155.943,0.6,2.18932
19.959,-155.935,0.6,0.0758238
19.959,-155.934,0.5,0.694144
19.9589,-155.934,0.6,1.7202
19.9591,-155.941,0.65,0.145842
19.9667,-155.933,0.65,0.115457
19.959,-155.934,0.65,0.293636
19.9616,-155.943,0.6,0.205496
19.9639,-155.943,0.55,0.355279
19.968,-155.936,0.55,0.67533
19.9681,-155.941,0.6,2.49748
19.9674,-155.933,0.65,0.316845
19.9602,-155.933,0.65,0.29228
19.9679,-155.94,0.55,0.897341
19.9647,-155.943,0.5,0.907372
19.9591,-155.941,0.55,1.91403
19.959,-155.942,0.65,2.31335
19.959,-155.936,0.5,1.31851
19.9679,-155.94,0.55,0.298949
19.966,-155.934,0.5,1.2435
19.9591,-155.933,0.5,2.60493
19.968,-155.941,0.5,0.732819
19.9663,-155.933,0.5,0.603948
19.9445,-155.963,0.8,0.303442
19.9411,-155.97,0.9,0.110984
19.9148,-156.256,1.35,0.0984317
19.9032,-156.268,1.25,0.0919472
19.8975,-156.274,1.25,0.0757783
19.8924,-156.28,1.3,0.0565658
19.8878,-156.285,1.3,0.256185
19.8832,-156.29,1.25,0.0660526
19.8442,-156.331,1.75,0.0600203
19.7864,-156.393,2,0.0541415
19.7814,-156.398,2.2,0.0673447
19.7767,-156.403,2.2,0.0476128
19.7278,-156.437,1.6,0.0794568
19.7233,-156.431,1.5,0.0641189
19.6968,-156.386,1.4,0.0887538
19.693,-156.379,1.35,0.0660473
19.6894,-156.372,1.35,0.0577159
19.6521,-156.316,1.45,0.0579151
19.6478,-156.311,1.45,0.0638022
19.6392,-156.3,1.4,0.299033
19.6349,-156.295,1.4,0.0666963
19.6305,-156.29,1.4,0.0535651
19.6257,-156.285,1.35,0.0605301
19.6201,-156.281,1.4,0.0658369
19.6141,-156.277,1.45,0.297991
19.6085,-156.273,1.4,0.0611792
19.5739,-156.266,1.3,0.0860768
18.7584,-156.044,2.45,0.0987046
18.7509,-156.043,2.45,0.0703262
18.7439,-156.042,2.5,0.0475694
18.7027,-156.039,2.55,0.0861162
18.6951,-156.038,2.45,0.170742
18.6874,-156.037,2.5,0.125384
18.6796,-156.036,2.5,0.107427
18.6719,-156.036,2.5,0.0846363
18.6637,-156.036,2.7,0.0791506
18.6001,-156.062,2.4,0.0945229
18.5939,-156.068,2.5,0.0972268
18.5876,-156.073,2.5,0.0822226
18.5817,-156.078,2.25,0.0793359
18.5768,-156.083,2.4,0.0537096
18.572,-156.088,2.55,0.0581507
18.5668,-156.092,2.45,0.0534879
18.5509,-156.104,2.5,0.0551888
18.5452,-156.108,2.55,0.0529231
18.539,-156.112,2.45,0.120885
18.5323,-156.116,2.4,0.103111
18.5254,-156.119,2.25,0.0572437
18.5184,-156.123,2.15,0.060824
18.5124,-156.126,2.25,0.0586799
18.5059,-156.13,2.4,0.0733513
18.4542,-156.163,2.8,0.0627527
18.4475,-156.167,2.7,0.102632
18.441,-156.172,2.35,0.0908892
18.4345,-156.176,2.25,0.0850135
18.4276,-156.179,2.4,0.183136
18.4207,-156.183,2.6,0.155836
18.4141,-156.185,2.7,0.0966543
18.3905,-156.191,2.5,0.0919161
18.3774,-156.196,2.85,0.0556514
18.371,-156.198,2.7,0.0762684
18.3648,-156.2,2.7,0.0752257
18.3587,-156.202,2.85,0.0579144
18.3521,-156.205,2.8,0.0980668
18.3455,-156.208,2.7,0.124683
18.2934,-156.189,2.85,0.101363
18.2862,-156.186,2.7,0.0858973
18.2787,-156.184,2.8,0.0623356
18.2711,-156.181,2.9,0.10461
18.2638,-156.179,3.1,0.0739804
18.2571,-156.177,3.05,0.0624316
18.2503,-156.175,2.85,0.0534624
18.2036,-156.16,2.85,0.060477
18.1969,-156.157,2.9,0.0607268
18.19,-156.155,2.75,0.0964026
17.9944,-156.091,2.7,0.0635262
17.957,-156.079,3.5,0.0797678
17.941,-156.074,2.7,0.106518
17.9331,-156.072,2.95,0.106047
17.9174,-156.066,2.85,0.104576
17.9099,-156.064,3,0.107318
17.9021,-156.061,2.95,0.167374
17.8685,-156.05,3.15,0.094804
17.8611,-156.048,3.05,0.142735
17.8541,-156.046,2.95,0.0946318
17.1026,-157.77,3.5,0.0921371
17.1157,-157.846,2.85,0.137076
17.1239,-157.83,3.15,0.0700738
17.1332,-157.813,2.9,0.11534
17.1346,-157.805,3,0.131721
17.1308,-157.798,3.15,0.13392
17.1271,-157.792,2.9,0.10002
17.1237,-157.785,2.65,0.0588375
17.1202,-157.779,2.65,0.0807597
17.1105,-157.77,2.8,0.105235
17.1024,-157.77,2.65,0.103041
17.0948,-157.77,2.4,0.0869368
17.0872,-157.77,2.5,0.0568231
17.0798,-157.77,2.8,0.117535
17.1327,-157.814,2.95,0.112122
14.8299,-160.981,2.25,0.0578908
14.8255,-160.988,2.25,0.0473511
14.7842,-161.046,3.1,0.0543976
14.7223,-161.133,2.6,0.107091
14.7176,-161.139,2.3,0.0774783
14.7128,-161.146,2.25,0.0526849
14.7088,-161.152,2.3,0.0790292
14.6776,-161.196,2.3,0.0617936
14.6531,-161.23,2.25,0.0923751
14.6383,-161.251,2.3,0.090967
14.6338,-161.257,2.35,0.101023
14.6291,-161.264,2.15,0.076665
14.6248,-161.27,2,0.0909155
14.6201,-161.277,1.95,0.0876576
14.6154,-161.283,2.1,0.0899929
14.611,-161.29,2.25,0.0456504
14.5873,-161.323,2.2,0.0494647
14.5834,-161.328,2.25,0.0653935
14.5794,-161.334,2.6,0.0806302
14.57,-161.347,2.2,0.0948118
14.5653,-161.354,2.3,0.0879928
14.5607,-161.36,2.15,0.0939613
14.4832,-161.465,2.05,0.0826461
14.4783,-161.471,2.15,0.277586
14.4736,-161.478,2.1,0.0698416
14.4696,-161.483,2,0.0775687
14.4229,-161.546,2.2,0.0803419
14.4188,-161.551,2.1,0.0826952
14.4144,-161.557,2.3,0.104571
14.3111,-161.697,2.55,0.146885
14.3062,-161.703,2.4,0.0831423
14.3015,-161.71,2.5,0.0845076
14.2968,-161.716,2.8,0.106125
14.2921,-161.722,2.95,0.0667026
14.2872,-161.729,2.85,0.0892535
14.2826,-161.735,2.7,0.102579
14.1169,-161.959,2.35,0.120996
14.1118,-161.966,2.4,0.0928102
14.1069,-161.972,2.25,0.0889769
14.1023,-161.978,2.2,0.0756456
14.0978,-161.985,2.15,0.0621604
14.0931,-161.991,2.1,1.1777
14.0777,-162.012,2.1,0.0616957
14.0732,-162.018,2.05,0.0718028
14.0691,-162.023,2.4,0.0925036
14.0646,-162.029,2.35,0.0843618
14.0546,-162.043,1.95,0.274603
14.0229,-162.086,2.05,0.0956289
14.018,-162.092,2.2,0.0574512
14.0135,-162.098,2.05,0.0758943
14.0092,-162.104,2.05,0.0508826
14.0047,-162.11,2.05,0.273816
14.0004,-162.116,2.1,0.0707419
13.996,-162.122,2.25,0.0530152
13.992,-162.127,2.35,0.077066
13.988,-162.133,2.3,0.0901
13.9835,-162.139,2.25,0.100335
13.9786,-162.145,2.3,0.0954381
13.9737,-162.152,2.35,0.0998119
13.834,-162.34,2.3,0.0944708
13.8239,-162.354,2.35,0.103278
13.7662,-162.432,2.1,0.0886776
13.7613,-162.438,2,0.0760873
13.5623,-162.707,2,0.155136
13.5523,-162.72,2.05,0.0867228
13.463,-162.841,2.05,0.0886702
13.4581,-162.847,1.9,0.0740974
13.4537,-162.853,2.05,0.0750762
13.4493,-162.859,2.15,0.0850452
13.4449,-162.865,2.1,0.239857
13.4401,-162.871,2.3,0.0774514
13.4355,-162.878,2.15,0.105478
13.4309,-162.884,2.15,0.0799968
13.4261,-162.891,2.25,0.0984101
13.4214,-162.897,2.05,0.0752797
13.4169,-162.903,2.1,0.0867974
13.4122,-162.909,2.05,0.0759795
13.3648,-162.973,2.1,0.089209
13.3547,-162.987,2.05,0.103224
13.3503,-162.993,2,0.0755778
13.346,-162.999,2.05,0.0461608
13.342,-163.004,2,0.0675859
13.3381,-163.009,2,0.0634688
13.3341,-163.015,1.95,0.0699489
13.3299,-163.02,1.95,0.107957
13.3254,-163.026,1.9,0.0776449
13.3208,-163.032,1.85,0.0935789
13.3158,-163.039,1.9,0.0934687
13.3109,-163.046,1.9,0.0819087
13.3062,-163.052,1.8,0.0565326
13.3017,-163.058,1.7,0.0662249
13.2974,-163.064,1.7,0.0662555
13.2928,-163.07,1.95,0.0846883
13.2882,-163.077,1.95,0.0826159
13.2782,-163.09,1.75,0.183268
13.1497,-163.264,1.4,0.0736182
13.1449,-163.27,1.55,0.0814462
13.0449,-163.405,1.5,0.0660738
13.0404,-163.411,1.45,0.0753228
13.0356,-163.417,1.6,0.0944295
13.0258,-163.43,1.6,0.0762864
13.021,-163.437,1.55,0.071704
13.0163,-163.443,1.65,0.0768894
13.0117,-163.45,1.75,0.210082
13.0068,-163.456,1.7,0.0830359
12.9966,-163.47,1.75,0.0767541
12.8872,-163.618,1.7,0.0751727
12.8824,-163.624,1.7,0.0796308
12.8725,-163.637,1.6,0.0929683
12.868,-163.643,1.55,0.0610279
12.8638,-163.649,1.6,0.0648745
12.8594,-163.655,1.7,0.0638843
12.8551,-163.661,1.8,0.0710701
12.8509,-163.666,1.8,0.26351
12.8462,-163.673,1.8,0.0833404
12.8414,-163.679,1.8,0.0778972
12.8369,-163.685,1.75,0.0497098
12.8327,-163.691,1.7,0.0576782
12.8283,-163.697,1.7,0.0672099
12.8239,-163.703,1.75,0.0895612
12.819,-163.709,1.85,0.0857482
12.7878,-163.751,1.8,0.466272
12.4702,-164.18,1.7,0.079471
12.4655,-164.186,1.75,0.0723246
12.4607,-164.193,1.75,0.262156
12.3785,-164.304,1.45,0.0835293
12.3743,-164.31,1.55,0.0689373
12.3696,-164.316,1.55,0.0927708
12.3646,-164.322,1.55,0.0731723
12.3165,-164.387,1.65,0.0832766
12.3118,-164.394,1.6,0.0763966
12.3071,-164.4,1.65,0.0774924
12.2449,-164.484,1.75,0.0910999
12.24,-164.49,1.6,0.0775769
12.2356,-164.496,1.6,0.260699
12.2274,-164.507,1.9,0.059957
12.2234,-164.513,1.85,0.0761343
12.2189,-164.519,1.75,0.068381
12.2144,-164.525,1.8,0.0727645
12.2099,-164.531,1.85,0.0792046
12.2052,-164.537,1.8,0.0761787
12.027,-164.777,1.9,0.082411
12.0221,-164.783,1.95,0.0903006
12.0173,-164.79,1.8,0.0738687
12.0124,-164.796,2.05,0.0847974
12.0076,-164.802,2.25,0.078193
11.9925,-164.822,2.25,0.0737324
11.9882,-164.827,2.05,0.0736432
11.6433,-165.275,2.55,0.106888
11.6383,-165.282,2.75,0.109779
11.6336,-165.288,2.95,0.05788
11.6294,-165.293,2.95,0.118133
11.475,-165.494,2.55,0.0891453
11.4699,-165.5,2.4,0.089779
11.4652,-165.507,2.5,0.0840777
11.4605,-165.513,2.3,0.0572158
11.4562,-165.518,2.35,0.0921521
11.4514,-165.524,2.6,0.112718
11.4469,-165.53,2.8,0.0980518
11.4422,-165.536,2.75,0.107044
11.4373,-165.543,2.6,0.118684
11.3672,-165.634,2.45,0.0884739
11.3622,-165.64,2.4,0.0901272
11.3572,-165.647,2.35,0.0605524
11.3525,-165.653,2.25,0.0785861
11.3477,-165.659,1.95,0.080991
11.3429,-165.665,1.8,0.0772365
11.338,-165.672,1.9,0.168431
11.3331,-165.678,1.9,0.0791848
11.3284,-165.684,2.1,0.0980736
11.2631,-165.769,2.25,0.0908169
11.2584,-165.775,2.1,0.297808
11.254,-165.781,1.85,0.0672255
11.2461,-165.791,2.1,0.055001
11.2419,-165.797,2,0.0767672
11.2374,-165.802,2.25,0.063716
11.1181,-165.957,1.8,0.0759829
11.1132,-165.964,1.85,0.0661481
11.1088,-165.969,1.95,0.075654
11.1046,-165.975,1.95,0.064784
11.1005,-165.98,2,0.0773485
11.0963,-165.986,2,0.0524405
11.0883,-165.996,2,0.072162
11.0841,-166.001,2.2,0.0812394
11.08,-166.007,2.15,0.0509685
11.0758,-166.012,1.9,0.0733968
11.071,-166.018,1.85,0.0808838
11.0659,-166.025,1.85,0.0776246
11.061,-166.031,1.9,0.186808
11.0562,-166.038,1.8,0.0810651
11.0514,-166.044,1.8,0.0954602
11.0468,-166.05,1.95,0.0788727
11.0418,-166.056,2,0.0888355
11.0368,-166.063,2.1,0.091041
11.0319,-166.069,1.95,0.0823855
11.0269,-166.076,1.8,0.0856124
11.0221,-166.082,1.8,0.0751425
11.0175,-166.088,2,0.0704273
11.0128,-166.094,1.95,0.0819906
11.0081,-166.1,1.85,0.0852215
11.0033,-166.106,1.8,0.0774455
10.9986,-166.113,1.55,0.0791547
10.9228,-166.211,1.7,0.250905
10.9177,-166.218,1.75,0.0756746
10.8826,-166.263,1.55,0.060937
10.8784,-166.269,1.6,0.250599
10.874,-166.274,1.6,0.0684894
10.8693,-166.28,1.6,0.0905093
10.8201,-166.344,1.75,0.0833669
10.815,-166.351,1.75,0.0731295
10.8102,-166.357,1.8,0.0732197
10.8057,-166.363,1.8,0.073474
10.801,-166.369,1.8,0.0802842
10.7963,-166.375,1.65,0.0711975
10.7915,-166.381,1.5,0.063256
10.7872,-166.387,1.6,0.073935
10.7827,-166.393,1.55,0.065553
10.7785,-166.398,1.65,0.0635943
10.7742,-166.404,1.8,0.0789791
10.7696,-166.41,1.7,0.0657398
10.765,-166.416,1.55,0.07473
10.5808,-166.655,1.6,0.0914779
10.5758,-166.661,1.7,0.0791855
9.7979,-167.672,2.55,0.0944587
9.7928,-167.678,2.5,0.0847078
9.7715,-167.706,2.65,0.118386
9.7665,-167.713,2.6,0.153817
9.7617,-167.719,2.75,0.0961675
9.7232,-167.769,2.3,0.0934493
9.7182,-167.775,2.15,0.086803
9.7134,-167.781,2.4,0.0953773
8.1538,-169.801,2.25,0.0907445
8.1484,-169.807,2.25,0.0589485
8.1433,-169.813,2.35,0.0740989
8.1385,-169.818,2.3,0.0596929
8.1258,-169.833,2.35,0.0838374
8.1211,-169.838,2.5,0.0792631
8.1163,-169.844,2.25,0.0900896
8.1113,-169.849,2.15,0.0921446
8.037,-169.963,2.45,0.070565
8.0337,-169.957,2.5,0.0843309
8.0302,-169.951,2.45,0.0554048
8.0233,-169.949,2.5,0.0968543
8.0062,-169.949,2.45,0.0694845
7.9979,-169.949,2.7,0.111438
7.9898,-169.949,2.45,0.0969809
7.9821,-169.949,2.25,0.0775893
7.9749,-169.949,2.35,0.0788693
7.8789,-169.994,2.55,0.0600707
7.8722,-169.993,2.5,0.0896708
7.8654,-169.992,2.7,0.0506589
7.8585,-169.992,2.6,0.0514747
7.8515,-169.992,2.5,0.06304
7.8449,-169.992,2.55,0.0850966
7.5899,-169.999,2.45,0.0505656
7.5831,-169.999,2.45,0.113956
7.5758,-169.999,2.4,0.057852
7.5113,-169.999,2.3,0.0651513
7.5048,-169.999,2.5,0.0443561
7.4399,-170.008,2.45,0.0776785
7.4327,-170.009,2.75,0.0505621
7.193,-170.175,2.3,0.0592175
7.0397,-170.367,2.5,0.102804
7.0339,-170.372,2.35,0.116208
7.0281,-170.378,2.05,0.0896405
7.0224,-170.383,2.25,0.0542152
7.0175,-170.388,2.4,0.104308
7.0086,-170.397,2.3,0.0471858
7.0043,-170.402,2.2,0.0450188
7.0003,-170.407,2.3,0.078778
6.9957,-170.413,2.3,0.105157
6.9744,-170.439,1.9,0.547898
6.9693,-170.446,1.85,0.0798488
6.9644,-170.451,1.95,0.083205
6.9587,-170.457,2.2,0.0789027
6.9531,-170.462,2.15,0.0754149
6.9471,-170.466,1.95,0.0682094
6.9413,-170.47,1.85,0.06325
6.9358,-170.474,2,0.0750168
6.9297,-170.478,2.3,0.0757876
6.7793,-170.453,2.45,0.0463772
6.773,-170.451,2.5,0.0577581
6.7663,-170.45,2.45,0.0956607
6.7255,-170.439,2.6,0.0668809
6.6112,-170.409,2.45,0.0793449
6.6044,-170.407,2.4,0.117168
6.5968,-170.405,2.55,0.0915151
6.5893,-170.403,2.7,0.0825416
6.582,-170.401,2.5,0.0473936
6.3996,-170.353,2.2,0.1318
6.3928,-170.351,2.4,0.0786647
6.3857,-170.349,2.45,0.0793963
6.3787,-170.347,2.35,0.0563411
6.3716,-170.346,2.25,0.084278
6.3646,-170.344,2.2,0.082892
6.3572,-170.342,2.25,0.0701681
6.2656,-170.318,2.25,0.0805853
6.2235,-170.307,2.05,0.999139
6.2075,-170.302,2.2,0.076899
6.2,-170.301,2.25,0.0848704
6.1933,-170.299,2.1,0.207236
6.0865,-170.271,2.35,0.0499474
6.0797,-170.269,2.3,0.0978449
6.0721,-170.267,2.3,0.10367
6.056,-170.263,2.5,0.0864261
6.0426,-170.26,2.15,0.0567276
6.0358,-170.257,2,0.0854256
6.0286,-170.256,2.25,0.0912633
6.0212,-170.253,2.4,0.116702
6.014,-170.251,2.5,0.098349
6.0067,-170.25,2.65,0.0977593
5.9997,-170.248,2.45,0.0822351
5.993,-170.246,2.4,0.0855815
5.9859,-170.244,2.35,0.0799109
5.9786,-170.242,2.1,0.0821178
5.9709,-170.24,2.1,0.108118
5.9632,-170.238,2.15,0.0783536
5.7769,-170.189,1.95,0.0648321
5.7705,-170.188,1.9,0.0506414
5.6369,-170.152,1.6,0.0768822
5.5944,-170.141,2,0.0710299
5.5251,-170.123,2,0.0463792
5.4969,-170.115,1.85,0.0495028
5.4906,-170.114,2,0.0640699
5.4837,-170.112,1.95,0.0798752
5.477,-170.11,1.9,0.0801184
5.4699,-170.108,1.9,0.0721614
5.4629,-170.107,1.9,0.0796819
5.4556,-170.105,1.95,0.0863911
5.4478,-170.103,1.9,0.0810779
5.4402,-170.101,1.9,0.0736914
5.4325,-170.099,1.9,0.0718871
5.4254,-170.097,1.95,0.0525739
5.4188,-170.095,1.9,0.0599798
5.3135,-170.067,1.9,0.0476742
5.3072,-170.065,1.8,0.0675799
5.3004,-170.064,1.8,0.0770711
5.2928,-170.062,1.95,0.0760256
5.285,-170.06,1.95,0.0914003
5.2774,-170.058,1.95,0.0803032
5.27,-170.056,1.9,0.0684526
5.1905,-170.035,2,0.0502452
5.1841,-170.033,2.4,0.100154
5.1257,-170.018,2.3,0.103367
5.1182,-170.016,2.1,0.0724995
5.0928,-170.009,2.2,0.0742955
5.086,-170.007,2.2,0.0632568
5.0252,-169.949,2.15,0.089138
5.0178,-169.949,2.2,0.0686224
5.0106,-169.949,2.15,0.0749918
5.0029,-169.949,2.1,0.0795311
4.9952,-169.949,2.1,0.0863052
4.9874,-169.949,2.05,0.0887047
4.9798,-169.949,2.2,0.0536078
4.9434,-169.997,2,0.0658125
4.9679,-170.046,2,0.0655441
4.9733,-170.051,1.9,0.0922245
4.9815,-170.051,2,0.0768172
4.9892,-170.051,2.05,0.0775207
4.9966,-170.051,2.05,0.082478
5.0044,-170.051,2.1,0.101628
5.0436,-169.975,2,0.0726892
5.0401,-169.969,1.85,0.0748018
4.9693,-169.952,1.95,0.0668664
4.966,-169.958,2,0.0528602
4.9627,-169.963,2.2,0.0905866
4.9595,-169.969,2.15,0.0662131
4.9563,-169.975,2.15,0.0528848
4.9529,-169.981,2.25,0.0750142
4.9496,-169.986,2.3,0.0519922
4.9462,-169.992,2.35,0.0857075
4.9312,-170.001,2.25,0.0734407
4.9248,-170.002,2.25,0.0768375
4.9178,-170.002,2.25,0.0847617
4.9102,-170.003,2.45,0.177063
4.9024,-170.004,2.7,0.0976956
4.8944,-170.005,2.45,0.0947886
4.8865,-170.006,2.25,0.109574
4.8618,-170.008,2.2,0.0924402
4.8538,-170.008,2.25,0.100606
4.8461,-170.008,2.2,0.0839288
4.8384,-170.008,2.1,0.0759889
4.8313,-170.008,1.95,0.190348
3.8982,-170.006,2,0.0655012
3.8916,-170.006,1.95,0.0766226
3.885,-170.006,1.75,0.0639691
3.86,-170.006,1.9,0.0596782
3.8533,-170.006,2.1,0.106089
3.8464,-170.006,2.1,0.0495628
3.8395,-170.006,2,0.0715868
3.8323,-170.006,2.15,0.120575
3.7046,-170.005,2.4,0.0507958
3.6978,-170.005,2.1,0.0656481
3.6788,-170.005,2.3,0.0799904
3.672,-170.005,1.95,0.0827832
3.6646,-170.005,1.85,0.0793384
3.4818,-170.005,2.3,0.081326
3.4736,-170.004,2.25,0.0930437
3.4658,-170.005,2.3,0.0579128
3.4587,-170.005,2.15,0.227825
3.3945,-170.004,2.4,0.227825
3.0751,-170.003,2.55,0.0355724
3.0607,-170.003,2.55,0.124346
3.0529,-170.003,2.4,0.0511992
3.0456,-170.003,2.4,0.094162
3.0386,-170.003,2.45,0.0463906
3.0197,-170.003,2.5,0.0853557
3.0123,-170.003,2.5,0.0598786
3.0049,-170.003,2.2,0.0745795
2.9976,-170.003,2.2,0.091559
2.9896,-170.003,2.4,0.136881
2.9211,-170.003,2.25,0.127002
2.9129,-170.003,2.4,0.0826112
2.9051,-170.003,2.65,0.0848018
2.8982,-170.003,2.65,0.071035
2.5405,-170.001,2.4,0.0501632
-13.8272,-172.032,0.2,0.226257
-13.7813,-172.125,0.9,0.492905
-13.7773,-172.153,1.05,0.704968
-13.702,-172.102,0.95,0.768422
-13.6446,-172.083,1.1,1.16073
-13.6303,-172.084,1.1,1.0651
-13.6145,-172.085,1.1,1.04104
-13.5982,-172.087,1.15,0.446335
-13.5832,-172.09,1.15,0.433283
-13.5674,-172.093,1.1,0.229302
-13.7248,-174.841,2.65,0.0436252
-13.731,-174.856,2.8,0.0378097
-13.7368,-174.871,2.85,0.0390598
-13.749,-174.902,2.85,0.0375078
-13.7548,-174.917,3.05,0.035286
-13.7602,-174.93,2.95,0.040354
-13.7661,-174.945,2.7,0.0588348
-13.8915,-175.263,2.7,0.051032
-13.8976,-175.279,2.85,0.0343584
-13.948,-175.407,2.55,0.0306881
-13.9529,-175.419,2.65,0.0347301
-13.9584,-175.433,2.75,0.0369771
-14.0078,-175.558,2.35,0.0431405
-14.0135,-175.573,2.35,0.0407931
-14.0194,-175.588,2.4,0.0392734
-14.0252,-175.603,2.55,0.036597
-14.04,-175.64,2.45,0.0332022
-14.0449,-175.653,2.25,0.0333419
-14.0501,-175.666,2.2,0.0481081
-14.2104,-176.096,2.35,0.0517542
-14.2215,-176.128,2.3,0.199256
-14.227,-176.144,2.25,0.0352936
-14.2317,-176.157,2.25,0.0355342
-14.2368,-176.172,2.3,0.0366568
-14.2588,-176.235,2.6,0.0454079
-14.2701,-176.267,2.65,0.0419213
-14.2755,-176.282,2.8,0.0370775
-14.2805,-176.297,2.95,0.0401346
-14.2858,-176.312,2.85,0.0388406
-14.2912,-176.327,2.8,0.035132
-14.2961,-176.341,2.8,0.0364925
-14.3011,-176.356,2.8,0.0372167
-14.3063,-176.37,2.75,0.225213
-14.3111,-176.384,2.75,0.0321247
-14.3157,-176.397,2.75,0.0300781
-14.3202,-176.41,2.7,0.0309977
-14.3245,-176.422,2.7,0.0307476
-14.329,-176.435,2.7,0.037424
-14.3338,-176.449,2.65,0.0410517
-14.3392,-176.464,2.55,0.0415771
-14.3446,-176.479,2.55,0.0410725
-14.3615,-176.528,2.55,0.0389776
-14.3667,-176.543,2.5,0.0382795
-14.3717,-176.557,2.55,0.0395171
-14.3769,-176.572,2.65,0.042358
-14.3822,-176.587,2.6,0.0394437
-14.3872,-176.601,2.6,0.0383437
-14.3923,-176.616,2.55,0.0377388
-14.4085,-176.662,2.5,0.0328307
-14.4132,-176.676,2.55,0.0396597
-14.4244,-176.708,2.6,0.200435
-14.4297,-176.723,2.5,0.0483439
-14.4353,-176.738,2.4,0.041298
-14.4401,-176.752,2.25,0.222772
-14.4448,-176.766,2.25,0.0393275
-14.467,-176.83,1.95,0.0435687
-14.4784,-176.862,2.05,0.0504193
-14.484,-176.878,2.05,0.0428458
-14.5143,-176.965,2.2,0.0409223
-14.5196,-176.979,2.1,0.031854
-14.5322,-177.016,1.95,0.0305004
-14.5367,-177.028,1.85,0.0320602
-14.5412,-177.041,1.9,0.163294
-14.5458,-177.055,2.05,0.0343436
-14.5505,-177.068,2,0.0319561
-14.5797,-177.151,1.95,0.0993257
-14.7371,-177.601,1.75,0.050671
-14.7425,-177.616,1.8,0.0433437
-14.7474,-177.63,1.8,0.0326824
-14.7519,-177.643,1.8,0.0339846
-14.7566,-177.656,1.9,0.0501243
-15.1551,-178.911,1.7,0.220795
-15.1592,-178.927,1.65,0.0453829
-15.1719,-178.977,1.75,0.0414889
-15.1756,-178.992,1.7,0.0380749
-15.1793,-179.006,1.55,0.0331774
-15.1826,-179.02,1.5,0.0398889
-15.1905,-179.051,1.55,0.0360717
-15.1969,-179.077,1.55,0.0347675
-15.2001,-179.09,1.5,0.0357996
-15.2848,-179.428,1.5,0.044206
-15.2884,-179.443,1.45,0.373291
-15.292,-179.458,1.45,0.0384105
-15.3001,-179.49,1.55,0.0434511
-15.5014,179.815,1.8,0.336388
-15.5079,179.799,1.85,0.0664398
-15.5281,179.751,1.9,0.501927
-15.5343,179.736,1.85,0.139935
-15.5399,179.723,1.7,0.0499503
-15.5761,179.636,1.8,0.306555
-15.5822,179.621,1.7,0.643947
-15.661,179.432,1.5,0.0506575
-15.6665,179.419,1.5,0.43401
-15.6718,179.406,1.55,0.111516
-15.6773,179.393,1.55,0.484718
-15.683,179.38,1.5,1.56886
-15.6892,179.364,1.45,0.356967
-15.6956,179.349,1.45,0.478644
-15.7153,179.302,1.4,0.966124
-15.7356,179.254,1.35,1.1896
-15.7417,179.239,1.35,1.0379
-15.7548,179.207,1.45,0.270363
-15.7612,179.192,1.45,0.515703
-15.7671,179.178,1.45,0.692298
-15.7732,179.163,1.4,1.55215
-15.7794,179.148,1.4,0.761952
-15.8135,179.066,1.4,0.811279
-15.8199,179.051,1.4,0.620258
-15.8258,179.037,1.4,0.399044
-15.7918,178.91,1.25,0.87245
-15.7793,178.915,1.3,0.485135
-15.7673,178.922,1.35,0.45435
-15.6286,178.93,1.2,0.301919
-15.5697,178.896,1.3,1.02518
-15.559,178.883,1.3,0.509665
-15.5515,178.871,1.25,0.655428
-15.5387,178.8,1.25,0.738181
-15.5466,178.789,1.15,0.76991
-15.5549,178.776,1.15,1.13046
-15.563,178.765,1.15,0.65504
-15.5715,178.753,1.1,1.07737
-15.5868,178.73,1.1,0.485196
-15.5946,178.719,1.15,0.467493
-15.6022,178.708,1.15,0.648794
-15.6276,178.667,1.1,0.627025
-15.5963,178.663,1.1,0.474402
-15.5827,178.655,1.1,1.01317
-15.5732,178.642,1.1,1.94631
-15.5654,178.629,1.15,1.00204
-15.5583,178.616,1.1,0.590821
-15.5541,178.602,1.05,0.798973
-15.5492,178.587,1.1,0.985559
-15.6622,178.415,0.9,0.233484
-15.6494,178.419,0.95,0.81302
-15.6352,178.415,1.05,0.992042
-15.6221,178.404,1.15,0.570542
-15.6171,178.391,1.2,0.291051
-15.6171,178.34,1.15,0.780534
-15.6172,178.324,1.15,0.249147
-15.6171,178.298,1.1,0.884935
-15.6172,178.284,1.1,0.25015
-15.6172,178.268,1.05,0.6928
-15.6172,178.252,1.05,0.717221
-15.6169,177.951,1.25,1.36296
-15.6166,177.599,1.45,0.236717
-15.6166,177.582,1.5,1.32595
-15.6164,177.565,1.5,0.317094
-15.6164,177.549,1.45,0.525866
-15.6166,177.521,1.45,0.549727
-15.6165,177.506,1.45,1.03428
-15.6165,177.491,1.4,0.303921
-15.6164,177.476,1.45,0.379311
-15.6164,177.462,1.4,0.291276
-15.6164,177.448,1.4,0.224618
-15.6223,177.434,1.45,0.310434
-15.6313,177.422,1.4,0.89355
-15.674,177.366,1.6,0.262433
-15.6828,177.354,1.65,0.64514
-15.7213,177.304,1.6,0.470904
-15.7296,177.292,1.65,0.382393
-15.7462,177.27,1.5,0.963341
-15.7882,177.215,1.35,1.01458
-15.7982,177.202,1.4,0.967882
-15.8078,177.189,1.45,0.373123
-15.8174,177.177,1.4,0.815537
-15.8271,177.164,1.3,0.133771
-15.836,177.152,1.4,0.350702
-15.8441,177.141,1.4,0.894448
-15.853,177.13,1.35,1.09728
-15.8623,177.117,1.4,2.23521
-15.8826,177.09,1.5,0.808844
-15.8922,177.078,1.6,0.0463595
-15.9075,177.058,1.55,0.155153
-15.9156,177.047,1.55,0.313001
-15.9314,177.026,1.5,1.09902
-15.962,176.986,1.35,1.15473
-15.9713,176.974,1.4,0.981003
-15.9798,176.962,1.45,0.0519958
-16.0154,176.915,1.75,0.0505157
-16.1949,176.678,2.35,0.0601856
-16.2833,176.562,2.6,0.0623791
-16.2933,176.549,2.55,0.0505891
-16.3022,176.537,2.55,0.0536667
-16.3105,176.526,2.6,0.0410947
-16.3191,176.515,2.7,0.038137
-16.3275,176.504,2.75,0.0386229
-16.3439,176.482,2.95,0.0528678
-16.3529,176.47,2.85,0.0470945
-16.3622,176.458,2.6,0.048183
-16.3808,176.433,2.4,0.0383573
-16.4356,175.841,3.15,0.0407348
-16.4545,175.821,3.7,0.0379373
-16.4722,175.802,3.5,0.0357301
-16.6555,175.605,3.2,0.0373351
-16.6652,175.595,3.15,0.0422781
-16.8996,175.343,2.7,0.0396997
-16.9088,175.333,2.6,0.0501817
-16.9184,175.323,2.7,0.0582737
-16.9291,175.312,2.65,0.0543443
-16.9395,175.3,2.5,0.0453574
-16.9499,175.29,2.4,0.0492086
-16.9598,175.279,2.4,0.052722
-16.9698,175.268,2.4,0.0481192
-16.9802,175.257,2.45,0.0402336
-16.9901,175.246,2.55,0.0441319
-17.0001,175.236,2.65,0.0565579
-17.0108,175.224,2.55,0.0610431
-17.0217,175.212,2.45,0.0554225
-17.0322,175.201,2.45,0.0454212
-17.0422,175.19,2.4,0.0442411
-17.0526,175.179,2.45,0.0477109
-17.1965,175.025,2,0.0583508
-17.2851,174.93,1.85,0.394177
-17.2966,174.918,1.9,0.0513261
-17.3066,174.907,2.05,0.062075
-17.3169,174.896,2.15,0.128973
-17.4638,174.738,2.75,0.0609971
-17.4753,174.726,2.8,0.0594342
-17.4868,174.714,2.85,0.0569107
-17.4974,174.702,3.1,0.0459815
-17.5198,174.678,3.1,0.0614115
-17.842,174.333,3,0.0537073
-17.8783,174.309,2.85,0.0546168
-17.9463,174.308,2.85,0.0645736
-17.9926,174.286,2.6,0.0492428
-18.1435,174.257,2.65,0.0562739
-18.1579,174.249,2.45,0.0574569
-18.171,174.239,2.4,0.0612411
-18.1902,174.211,2.4,0.0712211
-18.214,174.188,2.4,0.253783
-18.2484,174.178,2.45,0.0472209
-18.3189,174.115,2.25,0.0521568
-18.3305,174.106,2.25,0.070041
-18.3433,174.095,2.2,0.056024
-18.3554,174.086,2.05,0.0459819
-18.366,174.078,2.1,0.0599765
-18.3921,174.057,2.1,0.0545582
-18.4041,174.048,2.05,0.0437413
-18.4241,174.032,2,0.138366
-18.4346,174.024,1.95,0.0461027
-18.4455,174.015,2,0.157774
-18.4567,174.006,2.15,0.238342
-18.469,173.997,2.1,0.0464483
-18.4894,173.981,1.95,0.0545063
-18.6096,173.813,1.95,0.285193
-18.6017,173.802,1.9,0.0490912
-18.5928,173.791,1.95,0.0581509
-18.584,173.778,1.9,0.313689
-18.5779,173.762,1.8,0.0565184
-18.5738,173.747,1.8,0.0562898
-18.5719,173.732,1.8,0.603138
-18.5664,173.525,1.65,0.237646
-18.6384,173.426,1.5,0.179521
-18.6094,173.411,1.75,0.0512415
-18.5793,173.4,1.8,0.237822
-18.5653,173.394,1.75,0.220329
-18.4872,173.144,2,0.237811
-18.5424,173.045,1.9,0.0431995
-18.5375,173.032,2,0.0486144
-18.5336,173.018,2,0.0444577
-18.6087,172.825,1.75,0.199695
-18.6048,172.812,1.8,0.294157
-18.6005,172.797,1.8,0.273516
-18.5959,172.78,1.7,0.14402
-18.5919,172.765,1.7,0.185332
-18.5776,172.734,1.85,0.186021
-18.5587,172.684,1.75,0.629871
-18.556,172.667,1.75,0.630648
-18.5556,172.65,1.7,0.13275
-18.5582,172.634,1.7,0.260761
-18.5637,172.62,1.7,0.054594
-18.5705,172.606,1.75,0.296996
-18.5772,172.593,1.8,0.0466239
-18.6077,172.526,1.75,0.0450507
-18.617,172.516,1.85,0.471397
-18.6291,172.506,1.9,0.237638
-18.6406,172.499,1.95,0.0507179
-18.6691,172.428,2.15,0.0499856
-18.6674,172.415,2.1,0.051533
-18.6641,172.386,2.35,0.0489895
-18.6626,172.373,2.35,0.154607
-18.6593,172.345,2.4,0.0382519
-18.6577,172.332,2.4,0.038491
-18.6561,172.317,2.4,0.0457249
-18.6456,172.227,2.35,0.0440633
-18.6331,172.12,2.35,0.0460694
-18.6313,172.104,2.35,0.0513744
-18.6295,172.089,2.3,0.236465
-18.6276,172.073,2.25,0.0630212
-18.6214,172.019,2.2,0.0904043
-18.6195,172.002,2.25,0.0533559
-18.6176,171.986,2.3,0.0389268
-18.6023,171.853,1.8,0.0478539
-18.6007,171.839,1.85,0.31679
-18.5988,171.824,1.95,0.152672
-18.597,171.809,1.95,0.0493816
-18.5953,171.794,1.95,0.0519896
-18.5934,171.778,1.9,0.413058
-18.5915,171.762,1.9,0.134377
-18.5547,171.445,1.6,0.206442
-18.5527,171.428,1.6,0.641907
-18.551,171.413,1.6,0.504202
-18.5493,171.399,1.55,0.55897
-18.5404,171.321,1.65,0.207952
-18.5388,171.308,1.7,0.621007
-18.537,171.293,1.7,0.77559
-18.5288,171.222,1.55,0.140733
-18.5271,171.208,1.65,0.0514558
-18.5255,171.193,1.7,0.0531677
-18.5238,171.179,1.75,0.182707
-18.5104,171.063,1.55,1.23679
-18.5085,171.047,1.6,0.0511007
-18.5386,171.001,1.7,0.606525
-18.5789,170.879,2.15,0.16945
-18.583,170.864,2.25,0.0488555
-18.5886,170.851,2.25,0.0973291
-18.5938,170.837,2.2,0.237011
-18.5978,170.823,2.15,0.0376015
-18.6007,170.81,2.05,0.038754
-18.6039,170.797,2.05,0.487346
-18.6069,170.783,2.2,0.0487682
-18.6107,170.77,2.2,0.0365028
-18.615,170.757,2.15,0.169484
-18.6254,170.734,2.05,0.191132
-18.6328,170.722,2.05,0.0505914
-18.6602,170.657,2.1,0.0564833
-18.7388,170.399,1.7,0.15367
-18.7345,170.385,1.85,0.125018
-18.7301,170.37,1.95,0.118832
-18.7294,170.278,1.75,0.334769
-18.7316,170.264,1.8,0.114347
-18.7344,170.248,1.8,0.236235
-18.7416,170.214,1.65,0.195532
-18.7317,170.144,1.35,0.318031
-18.7237,170.133,1.4,0.396913
-18.7183,170.118,1.45,0.23635
-18.7134,170.105,1.4,0.822259
-18.704,170.078,1.4,0.765858
-18.6991,170.064,1.35,0.3143
-18.6827,169.957,1.2,0.614118
-18.6533,169.827,1.2,1.31853
-18.555,169.685,1.05,1.56418
-18.5483,169.669,1.05,1.47251
-18.5394,169.655,1.05,1.01349
-18.5311,169.643,1.05,1.03599
-18.3987,169.424,1.05,0.861293
-18.3774,169.325,1.15,0.382631
-18.2621,168.854,1.45,0.231857
-18.2583,168.839,1.35,0.356087
-18.2547,168.824,1.35,0.921776
-18.2511,168.809,1.4,0.694343
-18.2472,168.793,1.4,0.555552
-18.2446,168.777,1.35,0.534774
-18.2426,168.762,1.35,0.654483
-18.2406,168.746,1.55,0.348003
-18.2055,168.475,2.2,0.0552484
-18.2014,168.444,2.2,0.181359
-18.197,168.41,2.3,0.0600742
-18.145,168.008,1.95,0.222223
-18.1432,167.994,1.95,0.202479
-18.1413,167.98,1.9,0.0562303
-18.1393,167.964,1.9,0.114309
-18.1371,167.948,1.8,0.445183
-18.1349,167.93,1.7,0.180202
-18.1246,167.85,1.6,0.83541
-18.1333,167.788,1.85,0.114634
-18.1397,167.774,2.05,0.0505367
-18.1411,167.76,2,0.21982
-18.133,167.7,1.8,0.0493801
-18.131,167.686,1.7,0.0623271
-18.1256,167.646,1.75,0.0368783
-18.1238,167.632,1.75,0.179741
-18.1219,167.618,1.75,0.241401
-18.1199,167.604,1.8,0.20265
-18.1076,167.512,1.65,0.0906971
-18.1054,167.496,1.7,0.372709
-18.1033,167.481,1.75,0.171809
-18.1013,167.466,1.85,0.781314
-18.0992,167.451,1.85,0.0554202
-18.0971,167.435,1.7,0.197951
-18.088,167.366,1.8,0.382116
-18.0628,167.18,1.55,1.52107
-18.0604,167.164,1.55,0.242293
-18.0582,167.147,1.4,0.72198
-18.0558,167.13,1.35,0.65406
-18.0537,167.114,1.4,0.386165
-18.0517,167.099,1.35,0.437189
-18.0233,166.924,1.25,0.673596
-18.0203,166.908,1.2,0.716918
-18.0174,166.892,1.25,0.371404
-18.0147,166.875,1.3,0.219838
-17.9817,166.804,1.2,0.810317
-17.9754,166.79,1.15,0.627335
-17.9699,166.778,1.15,0.351092
-17.9658,166.764,1.15,0.445644
-17.9626,166.75,1.15,0.25979
-17.953,166.674,1.1,0.463753
-17.9508,166.659,1.1,0.377083
-17.9391,166.565,1.05,0.971432
-17.8868,166.284,0.95,0.5987
-17.8852,166.27,1.05,0.587992
-17.8834,166.255,1.1,0.949831
-17.8351,166.127,1.15,0.202253
-17.8339,166.112,1.15,1.01375
-17.8322,166.096,1.2,0.245056
-17.7716,165.957,1.45,0.544078
-17.7009,165.943,1.85,0.0519578
-17.6778,165.917,1.4,0.0501905
-17.6788,165.831,1.85,0.0379833
-17.6726,165.747,1.55,0.274193
-17.6717,165.734,1.55,0.245858
-17.6635,165.621,1.75,0.286179
-17.6624,165.606,1.8,0.0507519
-17.6606,165.581,1.6,0.266713
-17.6545,165.496,1.55,0.710604
-17.6533,165.48,1.6,1.30725
-17.6494,165.426,1.65,0.239271
-17.6481,165.41,1.8,0.246614
-17.6421,165.327,1.8,0.256943
-17.6356,165.236,1.75,0.059292
-17.6319,165.185,1.9,0.0470648
-17.6309,165.172,2,0.0729707
-17.6298,165.156,1.95,0.423198
-17.6173,164.984,1.95,0.383804
-17.616,164.966,2.05,0.0512876
-17.6149,164.951,2.15,0.0556474
-17.6123,164.917,2.15,0.204293
-17.6077,164.853,2.05,0.085378
-17.6012,164.763,1.95,0.0625809
-17.5958,164.688,1.75,0.724532
-17.5835,164.517,1.85,0.272487
-17.5822,164.501,1.75,0.26928
-17.5637,164.382,1.55,0.0968719
-17.5626,164.367,1.55,0.261749
-17.5522,164.212,1.8,0.0581173
-17.5511,164.196,1.8,0.498163
-17.5503,164.182,1.8,0.0553609
-17.5492,164.167,1.7,1.20756
-17.5481,164.15,1.5,1.63786
-17.5464,164.097,1.4,1.14985
-17.5555,164.085,1.45,0.421739
-17.5586,163.945,1.4,0.250922
-17.5575,163.931,1.35,0.481206
-17.548,163.82,1.4,0.524688
-17.5466,163.804,1.4,0.248337
-17.5454,163.788,1.3,0.394452
-17.5421,163.75,1.25,1.10324
-17.5409,163.735,1.3,0.459737
-17.5398,163.717,1.35,0.230998
-17.5662,163.646,1.35,0.297182
-17.5623,163.613,1.4,0.507762
-17.5603,163.598,1.45,0.638366
-17.5586,163.583,1.5,0.861996
-17.5624,163.562,1.55,0.13026
-17.5736,163.551,1.5,0.202743
-17.5827,163.54,1.5,0.249591
-17.5892,163.528,1.4,0.334453
-17.617,163.461,1.3,0.734897
-17.6201,163.445,1.3,0.607256
-17.6414,163.357,1.3,0.426968
-17.6446,163.343,1.3,0.359007
-17.6473,163.328,1.35,0.577647
-17.6886,163.116,1.45,0.988572
-17.6953,163.081,1.65,0.148449
-17.7521,162.79,1.85,0.0515218
-17.7551,162.774,1.95,0.0483826
-17.7979,162.615,2,0.13799
-17.8096,162.359,2.65,0.0553984
-17.8103,162.343,2.5,0.0460301
-17.8333,162.107,3.35,0.0417607
-17.8666,161.947,4.2,0.0422621
-17.8848,161.859,4.9,0.0395122
-17.8992,161.79,5.95,0.0491428
-17.9514,161.263,6.35,0.0555216
-17.9652,161.228,4.2,0.0402159
-17.9996,161.234,4,0.0689457
-17.5221,161.391,2.25,0.0528043
-17.52,161.375,2.05,0.0521107
-17.2834,160.688,2.55,0.0604709
-17.2845,160.671,2.45,0.0660755
-17.2855,160.654,2.35,0.0570968
-17.2841,160.638,2.25,0.0677368
-17.2818,160.621,2.3,0.096214
-17.2794,160.605,2.3,0.0549892
-17.2775,160.589,2.3,0.0663986
-17.2787,160.573,2.25,0.0718179
-17.3391,160.315,2.45,0.069739
-17.3476,160.301,2.45,0.0582068
-17.3575,160.289,2.35,0.164643
-17.4204,160.196,2.25,0.176274
-17.4289,160.181,2.25,0.0577468
-17.4413,160.147,2.25,0.036284
-17.4427,160.134,2.3,0.0480158
-17.4443,160.119,2.3,0.0982045
-17.4877,159.935,2.2,0.0378423
-17.5318,159.851,2.15,0.247764
-17.5394,159.839,2.2,0.13128
-17.5496,159.826,2.1,0.0653198
-17.5612,159.815,2.05,0.123424
-17.5703,159.802,2.05,0.509284
-17.5789,159.789,2,0.0936706
-17.5873,159.776,1.95,0.0456444
-17.6207,159.724,1.95,0.550954
-17.6297,159.709,2,0.0822925
-17.6388,159.696,2.05,0.247566
-17.6473,159.682,2.2,0.13236
-17.6555,159.669,2.35,0.0386814
-17.748,159.525,1.9,0.170391
-17.7629,159.502,1.85,0.0380083
-17.7765,159.481,1.85,0.0439586
-17.7837,159.47,1.8,0.0489856
-17.8596,159.351,1.65,0.35155
-17.8671,159.34,1.55,1.31814
-17.9065,159.278,1.8,0.606593
-17.9157,159.264,1.7,0.147212
-17.95,159.21,1.65,0.276912
-17.9578,159.198,1.55,0.183649
-17.966,159.185,1.55,0.247766
-18.0134,159.112,1.95,0.0504656
-18.0214,159.099,1.95,0.0571287
-18.03,159.086,1.9,0.0951173
-18.0389,159.072,1.85,0.104443
-18.074,159.014,1.95,0.0494923
-18.2755,158.387,1.8,0.0835348
-18.2887,158.377,1.8,0.280937
-18.301,158.368,1.75,0.247243
-18.3141,158.358,1.65,0.7163
-18.3275,158.348,1.65,1.1728
-18.3541,158.278,1.6,0.182458
-18.3572,158.263,1.55,0.483811
-18.3656,158.248,1.5,0.71635
-18.3764,158.238,1.5,0.169128
-18.4441,158.166,1.45,0.667582
-18.4646,158.139,1.3,0.145126
-18.4603,158.125,1.25,0.424276
-18.4574,158.108,1.25,0.248501
-18.4664,158.066,1.3,0.297245
-18.4763,158.056,1.3,0.983303
-18.5407,157.956,1,0.248903
-18.5377,157.94,1.05,0.694732
-18.5407,157.906,1.15,1.00503
-18.5896,157.781,1,0.869987
-18.5942,157.768,1,1.12339
-18.6004,157.754,1,0.252465
-18.6718,157.626,1.35,0.514854
-18.6839,157.617,1.35,0.250417
-18.6945,157.606,1.3,0.637212
-18.7056,157.596,1.3,0.727027
-18.7532,157.555,1.25,0.621735
-18.764,157.546,1.25,0.692492
-18.8038,157.512,1.45,0.927145
-18.8309,157.482,1.4,0.177902
-18.836,157.469,1.4,0.213468
-18.8401,157.454,1.35,0.251558
-18.8494,157.388,1.15,0.797549
-18.8999,157.314,1.15,0.898667
-19.0518,157.126,0.85,1.53361
-19.0505,156.895,0.85,1.25016
-19.0567,156.882,0.8,0.726239
-19.0645,156.869,0.75,1.43423
-19.2108,156.753,1.1,0.629393
-19.2226,156.748,1.15,0.910943
-19.2367,156.741,1.3,0.631726
-19.2623,156.729,1.35,0.405598
-19.3507,156.688,1.5,0.879074
-19.3634,156.682,1.6,0.255262
-19.4175,156.657,1.65,0.289623
-19.5986,156.573,1.65,0.0520422
-19.611,156.567,1.6,0.752156
-19.6813,156.509,1.45,0.468267
-19.6896,156.498,1.4,0.291204
-19.6985,156.487,1.45,1.02865
-19.7088,156.474,1.45,0.561023
-19.7267,156.451,1.4,0.440504
-19.7352,156.441,1.4,0.168604
-19.7448,156.429,1.4,0.417312
-19.8656,156.276,1.7,0.797672
-19.8762,156.262,1.8,0.0530496
-19.9554,156.162,1.8,0.0583158
-20.2052,155.846,2.55,0.0412302
-20.2141,155.835,2.65,0.0463458
-20.2241,155.823,2.75,0.0521194
-20.2338,155.81,2.9,0.0509646
-20.2429,155.799,2.95,0.0620026
-20.2642,155.772,3,0.0606194
-20.2745,155.759,3.05,0.04343
-20.2841,155.747,2.95,0.055117
-20.8598,155.19,2.3,0.0517798
-20.8745,155.188,2.15,0.0371994
-20.9091,155.181,2.4,0.0452972
-20.9192,155.172,2.35,0.0605436
-21.0249,155.071,2.4,0.0451903
-21.0787,155.045,2.65,0.0889564
-21.1038,155.041,2.55,0.190861
-21.2325,155.017,2.55,0.0550544
-21.2415,155.004,2.7,0.05786
-21.2979,154.902,2.8,0.0376421
-21.2905,154.871,2.95,0.0570237
-21.2687,154.773,3.25,0.0437669
-21.2764,154.76,3.35,0.0403757
-21.2841,154.746,3.3,0.0408548
-21.3111,154.659,3.15,0.0417072
-21.3174,154.609,3.4,0.0665289
-21.3375,154.56,3.65,0.0394299
-21.3427,154.547,3.85,0.0350881
-21.348,154.534,3.7,0.06107
-21.701,154.066,3.35,0.0423535
-21.7539,154.073,3.25,0.0397169
-21.7663,154.067,3.15,0.038802
-21.7846,153.998,2.6,0.0368526
-21.7922,154.032,2.3,0.0355303
-21.7999,154.043,2.5,0.0642881
-21.8645,154.109,2.05,0.252993
-21.8557,154.122,2.05,0.252993
-21.8891,154.164,1.85,0.124757
-21.898,154.176,1.85,0.396885
-21.9653,154.186,1.85,0.251804
-21.9425,154.196,1.9,0.0538057
-21.971,154.196,1.85,0.628706
-21.9644,154.203,2.15,0.253087
-21.9529,154.181,2.1,0.0616879
-21.9001,154.155,2.5,0.0531554
-22.1769,154.587,2.35,0.0583486
-22.1914,154.593,2.35,0.0385158
-22.5258,154.413,2.2,0.273046
-22.5414,154.411,2.2,0.139475
-22.5557,154.409,2.15,0.0489899
-22.569,154.403,2,0.0473325
-22.5813,154.396,1.75,0.10576
-22.5939,154.388,1.75,0.0556985
-22.646,154.321,1.55,0.0482327
-22.6455,154.307,1.55,0.877493
-22.6752,154.212,1.45,0.757513
-22.685,154.199,1.55,0.362684
-22.716,154.169,1.8,0.250505
-22.7324,154.148,1.75,0.252785
-22.768,154.058,1.55,0.549612
-23.337,153.829,2.05,0.0377205
-23.3404,153.815,1.95,0.0580324
-23.3444,153.799,2.1,0.0367951
-23.3683,153.778,2,0.0545009
-23.3821,153.771,1.95,0.0569557
-23.5232,153.71,1.75,0.634705
-23.531,153.695,1.7,0.528162
-23.5362,153.681,1.6,0.610996
-23.5418,153.668,1.45,0.428008
-23.5505,153.627,1.95,0.0589467
-23.5583,153.613,2,0.159188
-23.5815,153.559,2,0.049682
-23.5803,153.543,1.9,0.0721604
-23.59,152.93,2.3,0.0616926
-23.598,152.916,2.4,0.0638721
-23.6043,152.804,2.7,0.0501224
-23.6044,152.789,2.55,0.048396
-23.603,152.774,2.4,0.303489
-23.5982,152.759,2.2,0.0389316
